{
  "accuracy": 0.7756410256410257,
  "raw_accuracy": 0.5769230769230769,
  "roc_auc": 0.8283694937541091,
  "optimal_threshold": 0.20696616172790527,
  "precision": 0.7656186079130384,
  "recall": 0.5769230769230769,
  "f1": 0.5515814676355694,
  "confusion_matrix": [
    [
      185,
      49
    ],
    [
      91,
      299
    ]
  ]
}